{"cameraMode":{"drawMode":0,"name":"Shaded","section":"Shading Mode"},"sceneLighting":true,"audioPlay":false,"sceneViewState":{"m_AlwaysRefresh":false,"showFog":true,"showSkybox":true,"showFlares":true,"showImageEffects":true,"showParticleSystems":true,"showVisualEffectGraphs":true,"m_FxEnabled":true},"in2DMode":false,"pivot":{"x":-5.987115859985352,"y":6.208940029144287,"z":1.4452927112579346},"rotation":{"x":-0.08251310884952545,"y":-0.06960681825876236,"z":0.005781284533441067,"w":-0.9941422939300537},"size":9.254000663757325,"orthographic":false}